big,katta,katta
big,qapta,katta
short,kalta,kalta
short,kalta,kølta
short,kalta,kałta
short,kʲelte,kalta
short,kʲelte,kølta
short,kʲelte,kałta
short,kelte,kalta
short,kelte,kølta
short,kelte,kałta
short,kʲeltʲe,kalta
short,kʲeltʲe,kølta
short,kʲeltʲe,kałta
short,kɛlte,kalta
short,kɛlte,kølta
short,kɛlte,kałta
short,qałta,kalta
short,qałta,kølta
short,qałta,kałta
short,kałta,kalta
short,kałta,kølta
short,kałta,kałta
narrow,tar,tɔr
narrow,tɔr,tɔr
narrow,tɒr,tɔr
narrow,tar̯,tɔr
narrow,taʃ,tɔr
person,adam,ɔdam
person,adam,ɔdamzɔt
person,ɔdam,ɔdam
person,ɔdam,ɔdamzɔt
wife,zajif,zajif
mother,ana,ɔna
mother,ɛnɛ,ɔna
mother,enɛ,ɔna
mother,apa,apa
mother,ɛne,ɔna
mother,ɒpa,apa
mother,ɔna,ɔna
father,ata,ɔta
father,ɒta,ɔta
father,ɔta,ɔta
father,ota,ɔta
animal,hajβɔn,hajvɔn
animal,hajβɔn,hajvʊn
animal,hajβɔn,hajwon
animal,hajβɔn,hajvun
animal,hajβɔn,hajβɔn
animal,hajβɔn,hajwɔn
animal,hajβɔn,hajvɔ̃n
animal,hajβɔn,hajvon
animal,hajvon,hajvɔn
animal,hajvon,hajvʊn
animal,hajvon,hajwon
animal,hajvon,hajvun
animal,hajvon,hajβɔn
animal,hajvon,hajwɔn
animal,hajvon,hajvɔ̃n
animal,hajvon,hajvon
animal,hajwan,hajvɔn
animal,hajwan,hajvʊn
animal,hajwan,hajwon
animal,hajwan,hajvun
animal,hajwan,hajβɔn
animal,hajwan,hajwɔn
animal,hajwan,hajvɔ̃n
animal,hajwan,hajvon
animal,ajvan,hajvɔn
animal,ajvan,hajvʊn
animal,ajvan,hajwon
animal,ajvan,hajvun
animal,ajvan,hajβɔn
animal,ajvan,hajwɔn
animal,ajvan,hajvɔ̃n
animal,ajvan,hajvon
animal,ajβan,hajvɔn
animal,ajβan,hajvʊn
animal,ajβan,hajwon
animal,ajβan,hajvun
animal,ajβan,hajβɔn
animal,ajβan,hajwɔn
animal,ajβan,hajvɔ̃n
animal,ajβan,hajvon
animal,hajβan,hajvɔn
animal,hajβan,hajvʊn
animal,hajβan,hajwon
animal,hajβan,hajvun
animal,hajβan,hajβɔn
animal,hajβan,hajwɔn
animal,hajβan,hajvɔ̃n
animal,hajβan,hajvon
animal,hajwɒn,hajvɔn
animal,hajwɒn,hajvʊn
animal,hajwɒn,hajwon
animal,hajwɒn,hajvun
animal,hajwɒn,hajβɔn
animal,hajwɒn,hajwɔn
animal,hajwɒn,hajvɔ̃n
animal,hajwɒn,hajvon
animal,hajwɔn,hajvɔn
animal,hajwɔn,hajvʊn
animal,hajwɔn,hajwon
animal,hajwɔn,hajvun
animal,hajwɔn,hajβɔn
animal,hajwɔn,hajwɔn
animal,hajwɔn,hajvɔ̃n
animal,hajwɔn,hajvon
animal,hajvɔn,hajvɔn
animal,hajvɔn,hajvʊn
animal,hajvɔn,hajwon
animal,hajvɔn,hajvun
animal,hajvɔn,hajβɔn
animal,hajvɔn,hajwɔn
animal,hajvɔn,hajvɔ̃n
animal,hajvɔn,hajvon
fish,bɒləq,balək
fish,baləq,balək
fish,balɜq,balək
fish,balɨq,balək
fish,balɛq,balək
bird,qʊs,kuʃ
bird,qʉs,kuʃ
bird,kʉs,kuʃ
bird,kʊs,kuʃ
bird,ʧimʧiq,ʧɪmʧɪk
bird,ʧimʧiq,ʧumʧuq
bird,kuʃ,kuʃ
bird,ʧimʧik,ʧɪmʧɪk
bird,ʧimʧik,ʧumʧuq
bird,ʤimʧiq,ʧɪmʧɪk
bird,ʤimʧiq,ʧumʧuq
bird,ʤimʧik,ʧɪmʧɪk
bird,ʤimʧik,ʧumʧuq
bird,kus,kuʃ
bird,kʊʃ,kuʃ
bird,qʉʃ,kuʃ
bird,paranda,paranda
bird,paranda,parandan
bird,paranda,parənda
dog,kəʧək,kuʧuk
dog,kəʧək,kʧøk
dog,kəʧək,kʧok
dog,kəʧək,kuʧik
dog,kəʧək,kʊʧuk
dog,kəʧək,kyʧyk
dog,kʊʧuk,kuʧuk
dog,kʊʧuk,kʧøk
dog,kʊʧuk,kʧok
dog,kʊʧuk,kuʧik
dog,kʊʧuk,kʊʧuk
dog,kʊʧuk,kyʧyk
louse,bit,bit
louse,pit,bit
louse,ptʲe,bit
louse,ʃubəʃ,ʃabuʃ
louse,ʃubəʃ,ʃaβuʃ
louse,ʃubəʃ,ʃipəʃ
louse,ʃubəʃ,ʃəpʃ
louse,ʃubəʃ,ʃapuʃ
louse,ʃubəʃ,ʃəpəʃ
louse,ʃubəʃ,ʃabuʃk
louse,ʃubəʃ,ʃpəʃ
louse,ʃubəʃ,ʃubuʃk
louse,ʃubəʃ,sabəsk
louse,ʃubəʃ,ʃabəʃ
louse,ʃubəʃ,ʃaβəʃ
louse,ʃubəʃ,ʃʉbyʃ
louse,ʃubəʃ,ʃabyʃ
louse,ʃubəʃ,ʃəbyʃ
louse,ʃubəʃ,ʃʊpʊʃ
louse,ʃubəʃ,ʃupuʃ
louse,pɪt,bit
louse,bɪt,bit
butterfly,kʊbʲelɛk,kapalak
butterfly,købʲelʲɛk,kapalak
butterfly,kubʲelʲɛk,kapalak
butterfly,kʊbʲelʲɛk,kapalak
butterfly,købelʲek,kapalak
butterfly,køpøløk,kapalak
butterfly,gøpøløk,kapalak
butterfly,køpølɛk,kapalak
butterfly,gʊbʲelʲɛk,kapalak
butterfly,gʊbʲelʲek,kapalak
butterfly,gøbʲelɛk,kapalak
butterfly,gøbʲelʲɛk,kapalak
butterfly,kapalak,kapalak
butterfly,gøbølʲøk,kapalak
butterfly,kapalɛk,kapalak
butterfly,købʲelʲek,kapalak
butterfly,kapalæk,kapalak
butterfly,ʧapalak,kapalak
worm,ʧuβalʧaŋ,ʧuwalʧaŋ
worm,ʧʊβalʧaŋ,ʧuwalʧaŋ
worm,ʧʊwalʧaŋ,ʧuwalʧaŋ
tree,daraq,daraxt
tree,daraq,dəraxt
tree,darax,daraxt
tree,darax,dəraxt
tree,tʲerɛk,daraxt
tree,tʲerɛk,dəraxt
tree,tʲerek,daraxt
tree,tʲerek,dəraxt
tree,daraxt,daraxt
tree,daraxt,dəraxt
forest,wɔrman,urmʊn
forest,wɔrman,yrmʊn
forest,wɔrman,ørmɔn
forest,wɔrman,urmɔn
forest,wɔrman,murmʊn
forest,wɔrman,ʉrmɔn
forest,wʊrmon,urmʊn
forest,wʊrmon,yrmʊn
forest,wʊrmon,ørmɔn
forest,wʊrmon,urmɔn
forest,wʊrmon,murmʊn
forest,wʊrmon,ʉrmɔn
forest,urman,urmʊn
forest,urman,yrmʊn
forest,urman,ørmɔn
forest,urman,urmɔn
forest,urman,murmʊn
forest,urman,ʉrmɔn
forest,wʊrman,urmʊn
forest,wʊrman,yrmʊn
forest,wʊrman,ørmɔn
forest,wʊrman,urmɔn
forest,wʊrman,murmʊn
forest,wʊrman,ʉrmɔn
forest,ʊrmɔn,urmʊn
forest,ʊrmɔn,yrmʊn
forest,ʊrmɔn,ørmɔn
forest,ʊrmɔn,urmɔn
forest,ʊrmɔn,murmʊn
forest,ʊrmɔn,ʉrmɔn
forest,wurman,urmʊn
forest,wurman,yrmʊn
forest,wurman,ørmɔn
forest,wurman,urmɔn
forest,wurman,murmʊn
forest,wurman,ʉrmɔn
forest,ʉrmɔn,urmʊn
forest,ʉrmɔn,yrmʊn
forest,ʉrmɔn,ørmɔn
forest,ʉrmɔn,urmɔn
forest,ʉrmɔn,murmʊn
forest,ʉrmɔn,ʉrmɔn
forest,urmɔn,urmʊn
forest,urmɔn,yrmʊn
forest,urmɔn,ørmɔn
forest,urmɔn,urmɔn
forest,urmɔn,murmʊn
forest,urmɔn,ʉrmɔn
forest,urmɒn,urmʊn
forest,urmɒn,yrmʊn
forest,urmɒn,ørmɔn
forest,urmɒn,urmɔn
forest,urmɒn,murmʊn
forest,urmɒn,ʉrmɔn
forest,yrmɔn,urmʊn
forest,yrmɔn,yrmʊn
forest,yrmɔn,ørmɔn
forest,yrmɔn,urmɔn
forest,yrmɔn,murmʊn
forest,yrmɔn,ʉrmɔn
stick,tajaq,tajɔq
stick,tajaq,tajɒq
stick,tajaq,tɪjɔq
stick,tajak,tajɔq
stick,tajak,tajɒq
stick,tajak,tɪjɔq
stick,tajɔq,tajɔq
stick,tajɔq,tajɒq
stick,tajɔq,tɪjɔq
stick,tajɒq,tajɔq
stick,tajɒq,tajɒq
stick,tajɒq,tɪjɔq
stick,ʧʊp,ʧup
stick,ʧʊp,ʧub
stick,ʧʊp,ʧʉp
stick,ʧʊp,ʧupdast
stick,ʧʊp,ʧɔp
fruit,mʲɪva,mʲeva
fruit,mʲɪva,meva
fruit,mʲɪva,mɪva
fruit,mʲɪva,miva
fruit,mʲevʲe,mʲeva
fruit,mʲevʲe,meva
fruit,mʲevʲe,mɪva
fruit,mʲevʲe,miva
fruit,miβø,mʲeva
fruit,miβø,meva
fruit,miβø,mɪva
fruit,miβø,miva
fruit,miva,mʲeva
fruit,miva,meva
fruit,miva,mɪva
fruit,miva,miva
fruit,miwe,mʲeva
fruit,miwe,meva
fruit,miwe,mɪva
fruit,miwe,miva
fruit,mʲɪβe,mʲeva
fruit,mʲɪβe,meva
fruit,mʲɪβe,mɪva
fruit,mʲɪβe,miva
fruit,miβe,mʲeva
fruit,miβe,meva
fruit,miβe,mɪva
fruit,miβe,miva
fruit,mʲɪvø,mʲeva
fruit,mʲɪvø,meva
fruit,mʲɪvø,mɪva
fruit,mʲɪvø,miva
fruit,mʲɪve,mʲeva
fruit,mʲɪve,meva
fruit,mʲɪve,mɪva
fruit,mʲɪve,miva
fruit,mʲeva,mʲeva
fruit,mʲeva,meva
fruit,mʲeva,mɪva
fruit,mʲeva,miva
fruit,mɪva,mʲeva
fruit,mɪva,meva
fruit,mɪva,mɪva
fruit,mɪva,miva
seed,tuxum,tuxmi
seed,tuxum,txum
seed,tuxum,txm̩
seed,tuxum,tʊxm
seed,tuxum,tuxm
seed,tuxum,təxm
seed,tuxum,tuxum
seed,tuxum,tuxəm
seed,uruq,urux
seed,uruq,urɔk
seed,uruq,uruk
seed,uruq,urʊx
seed,txʊm,tuxmi
seed,txʊm,txum
seed,txʊm,txm̩
seed,txʊm,tʊxm
seed,txʊm,tuxm
seed,txʊm,təxm
seed,txʊm,tuxum
seed,txʊm,tuxəm
seed,txɨm,tuxmi
seed,txɨm,txum
seed,txɨm,txm̩
seed,txɨm,tʊxm
seed,txɨm,tuxm
seed,txɨm,təxm
seed,txɨm,tuxum
seed,txɨm,tuxəm
seed,tqʊm,tuxmi
seed,tqʊm,txum
seed,tqʊm,txm̩
seed,tqʊm,tʊxm
seed,tqʊm,tuxm
seed,tqʊm,təxm
seed,tqʊm,tuxum
seed,tqʊm,tuxəm
seed,uruk,urux
seed,uruk,urɔk
seed,uruk,uruk
seed,uruk,urʊx
seed,urux,urux
seed,urux,urɔk
seed,urux,uruk
seed,urux,urʊx
seed,uruɣ˳,urux
seed,uruɣ˳,urɔk
seed,uruɣ˳,uruk
seed,uruɣ˳,urʊx
seed,uruɣ,urux
seed,uruɣ,urɔk
seed,uruɣ,uruk
seed,uruɣ,urʊx
leaf,parak,barg
leaf,parak,barg˳
leaf,parak,b̥arg˳
leaf,parak,bark
leaf,parak,barɣ
leaf,barg˳,barg
leaf,barg˳,barg˳
leaf,barg˳,b̥arg˳
leaf,barg˳,bark
leaf,barg˳,barɣ
leaf,barak,barg
leaf,barak,barg˳
leaf,barak,b̥arg˳
leaf,barak,bark
leaf,barak,barɣ
leaf,bark,barg
leaf,bark,barg˳
leaf,bark,b̥arg˳
leaf,bark,bark
leaf,bark,barɣ
leaf,bak,barg
leaf,bak,barg˳
leaf,bak,b̥arg˳
leaf,bak,bark
leaf,bak,barɣ
leaf,barg,barg
leaf,barg,barg˳
leaf,barg,b̥arg˳
leaf,barg,bark
leaf,barg,barɣ
root,təbɨr,tɔmər
root,təbɨr,tɒmər
root,tamər,tɔmər
root,tamər,tɒmər
root,tamɜr,tɔmər
root,tamɜr,tɒmər
root,butaq,reʃa
root,butaq,rʲeʃa
root,butaq,rɪʃa
root,tɒmɨr,tɔmər
root,tɒmɨr,tɒmər
root,tamɨr,tɔmər
root,tamɨr,tɒmər
root,tɒmɜr,tɔmər
root,tɒmɜr,tɒmər
root,tøbør,tɔmər
root,tøbør,tɒmər
root,reʃa,rʲeʃa
root,reʃa,reʃa
root,tɔmɜr,tɔmər
root,tɔmɜr,tɒmər
root,ildɪz̥,ildiz̥
root,ildɪz̥,ildɨz̥
root,tɒmər,tɔmər
root,tɒmər,tɒmər
root,ɨldɨz̥,ildiz̥
root,ɨldɨz̥,ildɨz̥
root,tɔmər,tɔmər
root,tɔmər,tɒmər
root,ildiz̥,ildiz̥
root,ildiz̥,ildɨz̥
root,ildɨs,ildiz̥
root,ildɨs,ildɨz̥
bark,pustlɔq,pustlɔq
bark,pustlɔq,pøstlɒq
bark,pustlɔq,pøstlɔq
bark,pustlɔq,puslɒq
bark,pustlɔq,puslɔq
bark,pustlɔq,pustlɒq
bark,pustlɔq,pʉstlɔq
bark,pustlɔq,pʊstlɔq
bark,pʊstlɔq,pustlɔq
bark,pʊstlɔq,pøstlɒq
bark,pʊstlɔq,pøstlɔq
bark,pʊstlɔq,puslɒq
bark,pʊstlɔq,puslɔq
bark,pʊstlɔq,pustlɒq
bark,pʊstlɔq,pʉstlɔq
bark,pʊstlɔq,pʊstlɔq
bark,pʉstlɔq,pustlɔq
bark,pʉstlɔq,pøstlɒq
bark,pʉstlɔq,pøstlɔq
bark,pʉstlɔq,puslɒq
bark,pʉstlɔq,puslɔq
bark,pʉstlɔq,pustlɒq
bark,pʉstlɔq,pʉstlɔq
bark,pʉstlɔq,pʊstlɔq
bark,pʊstlɒq,pustlɔq
bark,pʊstlɒq,pøstlɒq
bark,pʊstlɒq,pøstlɔq
bark,pʊstlɒq,puslɒq
bark,pʊstlɒq,puslɔq
bark,pʊstlɒq,pustlɒq
bark,pʊstlɒq,pʉstlɔq
bark,pʊstlɒq,pʊstlɔq
bark,pust,pøst
bark,pust,pust
bark,pust,pʊst
bark,pust,pʉst
bark,pʊst,pøst
bark,pʊst,pust
bark,pʊst,pʊst
bark,pʊst,pʉst
flower,gʊl,gʊl
flower,gʊl,gul
flower,gʊl,gyl
flower,gʊl,kul
flower,gʊl,gøl
flower,gʊl,guł
flower,gʊl,gł̩
flower,gʊl,gl̩
flower,gʊl,gyl̥
flower,gʊl,gʉl
flower,gʊł,gʊl
flower,gʊł,gul
flower,gʊł,gyl
flower,gʊł,kul
flower,gʊł,gøl
flower,gʊł,guł
flower,gʊł,gł̩
flower,gʊł,gl̩
flower,gʊł,gyl̥
flower,gʊł,gʉl
flower,gʉł,gʊl
flower,gʉł,gul
flower,gʉł,gyl
flower,gʉł,kul
flower,gʉł,gøl
flower,gʉł,guł
flower,gʉł,gł̩
flower,gʉł,gl̩
flower,gʉł,gyl̥
flower,gʉł,gʉl
flower,kʉl,gʊl
flower,kʉl,gul
flower,kʉl,gyl
flower,kʉl,kul
flower,kʉl,gøl
flower,kʉl,guł
flower,kʉl,gł̩
flower,kʉl,gl̩
flower,kʉl,gyl̥
flower,kʉl,gʉl
flower,gʉl,gʊl
flower,gʉl,gul
flower,gʉl,gyl
flower,gʉl,kul
flower,gʉl,gøl
flower,gʉl,guł
flower,gʉl,gł̩
flower,gʉl,gl̩
flower,gʉl,gyl̥
flower,gʉl,gʉl
flower,gyl,gʊl
flower,gyl,gul
flower,gyl,gyl
flower,gyl,kul
flower,gyl,gøl
flower,gyl,guł
flower,gyl,gł̩
flower,gyl,gl̩
flower,gyl,gyl̥
flower,gyl,gʉl
flower,g˳yl,gʊl
flower,g˳yl,gul
flower,g˳yl,gyl
flower,g˳yl,kul
flower,g˳yl,gøl
flower,g˳yl,guł
flower,g˳yl,gł̩
flower,g˳yl,gl̩
flower,g˳yl,gyl̥
flower,g˳yl,gʉl
flower,g˳ʉl,gʊl
flower,g˳ʉl,gul
flower,g˳ʉl,gyl
flower,g˳ʉl,kul
flower,g˳ʉl,gøl
flower,g˳ʉl,guł
flower,g˳ʉl,gł̩
flower,g˳ʉl,gl̩
flower,g˳ʉl,gyl̥
flower,g˳ʉl,gʉl
flower,kʊl,gʊl
flower,kʊl,gul
flower,kʊl,gyl
flower,kʊl,kul
flower,kʊl,gøl
flower,kʊl,guł
flower,kʊl,gł̩
flower,kʊl,gl̩
flower,kʊl,gyl̥
flower,kʊl,gʉl
flower,gył,gʊl
flower,gył,gul
flower,gył,gyl
flower,gył,kul
flower,gył,gøl
flower,gył,guł
flower,gył,gł̩
flower,gył,gl̩
flower,gył,gyl̥
flower,gył,gʉl
flower,gul,gʊl
flower,gul,gul
flower,gul,gyl
flower,gul,kul
flower,gul,gøl
flower,gul,guł
flower,gul,gł̩
flower,gul,gl̩
flower,gul,gyl̥
flower,gul,gʉl
grass,ʃøp,ʧøp
grass,ʃɔp,ʧøp
grass,ʧøp,ʧøp
skin,pʉst,pust
skin,pʉst,pøst
skin,pʉst,pʉst
skin,pʉst,pʊst
skin,pʉst,pʊʃt
meat,jet,jota
meat,jet,jɔta
meat,jɪt,jota
meat,jɪt,jɔta
meat,et,jota
meat,et,jɔta
meat,etʲ,jota
meat,etʲ,jɔta
meat,gʉʃ,guʃt
meat,gʉʃ,gøʃt
meat,gʉʃ,gʊʃt
meat,gʉʃ,gʉʃt
meat,gʉʃ,guːʃt
meat,gøʃ,guʃt
meat,gøʃ,gøʃt
meat,gøʃ,gʊʃt
meat,gøʃ,gʉʃt
meat,gøʃ,guːʃt
meat,gʊʃ,guʃt
meat,gʊʃ,gøʃt
meat,gʊʃ,gʊʃt
meat,gʊʃ,gʉʃt
meat,gʊʃ,guːʃt
meat,gʉʃt,guʃt
meat,gʉʃt,gøʃt
meat,gʉʃt,gʊʃt
meat,gʉʃt,gʉʃt
meat,gʉʃt,guːʃt
meat,gwʉʃt,guʃt
meat,gwʉʃt,gøʃt
meat,gwʉʃt,gʊʃt
meat,gwʉʃt,gʉʃt
meat,gwʉʃt,guːʃt
blood,qan,xun
blood,qan,xʊn
blood,qan,xən
blood,qan,xn̩
blood,qɔn,xun
blood,qɔn,xʊn
blood,qɔn,xən
blood,qɔn,xn̩
blood,qɒn,xun
blood,qɒn,xʊn
blood,qɒn,xən
blood,qɒn,xn̩
bone,syjək,syjak
bone,syjɪk,syjak
bone,syjøk,syjak
bone,sʉjøk,syjak
bone,søːjøk,syjak
bone,sɨːjøk,syjak
bone,syːjøk,syjak
bone,sʉːjøk,syjak
bone,søjøk,syjak
bone,sʉjək,syjak
bone,sujak,syjak
bone,syjæk,syjak
bone,sʉjak,syjak
bone,syjak,syjak
egg,tqʊm,tuxum
egg,tqʊm,txum
egg,tqʊm,txəm
egg,tqʊm,txʊm
egg,tqʊm,tuxʊm
egg,tqʊm,tx̩m
egg,tqʊm,tʊxm
egg,tqʊm,tuxm
egg,tqʊm,tʊxʊm
egg,tqʊm,tuxm̩
egg,tqʊm,tʊxum
egg,tuxum,tuxum
egg,tuxum,txum
egg,tuxum,txəm
egg,tuxum,txʊm
egg,tuxum,tuxʊm
egg,tuxum,tx̩m
egg,tuxum,tʊxm
egg,tuxum,tuxm
egg,tuxum,tʊxʊm
egg,tuxum,tuxm̩
egg,tuxum,tʊxum
egg,txʊm,tuxum
egg,txʊm,txum
egg,txʊm,txəm
egg,txʊm,txʊm
egg,txʊm,tuxʊm
egg,txʊm,tx̩m
egg,txʊm,tʊxm
egg,txʊm,tuxm
egg,txʊm,tʊxʊm
egg,txʊm,tuxm̩
egg,txʊm,tʊxum
egg,txum,tuxum
egg,txum,txum
egg,txum,txəm
egg,txum,txʊm
egg,txum,tuxʊm
egg,txum,tx̩m
egg,txum,tʊxm
egg,txum,tuxm
egg,txum,tʊxʊm
egg,txum,tuxm̩
egg,txum,tʊxum
horn,ʃɔq,ʃɔx
horn,ʃaq,ʃɔx
horn,ʃax,ʃɔx
horn,ʃɔx,ʃɔx
horn,sɔx,ʃɔx
horn,ʃɒq,ʃɔx
horn,ʃɒx,ʃɔx
tail,dym,dʊm
tail,dym,dum
tail,dym,døm
tail,dym,dm̩
tail,dym,dym
tail,dym,dim
tail,dym,dʉm
tail,dʉm,dʊm
tail,dʉm,dum
tail,dʉm,døm
tail,dʉm,dm̩
tail,dʉm,dym
tail,dʉm,dim
tail,dʉm,dʉm
tail,dum,dʊm
tail,dum,dum
tail,dum,døm
tail,dum,dm̩
tail,dum,dym
tail,dum,dim
tail,dum,dʉm
tail,dm̩,dʊm
tail,dm̩,dum
tail,dm̩,døm
tail,dm̩,dm̩
tail,dm̩,dym
tail,dm̩,dim
tail,dm̩,dʉm
feather,qanat,qanɔt
feather,qanat,qanat
feather,pɪrʊ,pʲero
feather,pɛr,par̯
feather,pɛr,pat
feather,pɛr,par
feather,pɛr,paʃ
feather,pər,par̯
feather,pər,pat
feather,pər,par
feather,pər,paʃ
feather,pat,par̯
feather,pat,pat
feather,pat,par
feather,pat,paʃ
feather,pær,par̯
feather,pær,pat
feather,pær,par
feather,pær,paʃ
feather,par,par̯
feather,par,pat
feather,par,par
feather,par,paʃ
feather,qanɔt,qanɔt
feather,qanɔt,qanat
head,kalla,kalla
nail,nɔxun,nɔxun
nail,nɔxun,nɔxʊn
nail,nɔxun,nɔhun
nail,nɔxun,noxun
nail,nɔxun,nɔxən
nail,nɔxun,nɔxn̩
nail,nɔxun,nɔxɔn
nail,nɔxun,nuxun
nail,nɔxun,naxna
knee,tizʲe,tizza
knee,dzʲe,tizza
knee,tɪze,tizza
knee,tɨzʲe,tizza
knee,tizɛ,tizza
knee,tizʲɛ,tizza
knee,dizʲe,tizza
knee,dɪzʲe,tizza
knee,buʤilak[2],buʤulak
knee,tɪzza,tizza
knee,tizza,tizza
knee,tɨzzɐ,tizza
knee,tissak,tizza
knee,tizzɐ,tizza
wing,qanat,qanɔt
wing,qanat,qanɔq
wing,qanat,qanat
wing,qanat,kanɔt
wing,qanat,qanɒt
wing,qɒnɒt,qanɔt
wing,qɒnɒt,qanɔq
wing,qɒnɒt,qanat
wing,qɒnɒt,kanɔt
wing,qɒnɒt,qanɒt
wing,qanɔt,qanɔt
wing,qanɔt,qanɔq
wing,qanɔt,qanat
wing,qanɔt,kanɔt
wing,qanɔt,qanɒt
wing,qɒnɔt,qanɔt
wing,qɒnɔt,qanɔq
wing,qɒnɔt,qanat
wing,qɒnɔt,kanɔt
wing,qɒnɔt,qanɒt
wing,qanɒt,qanɔt
wing,qanɒt,qanɔq
wing,qanɒt,qanat
wing,qanɒt,kanɔt
wing,qanɒt,qanɒt
back,arqa,arqa
back,arqa,arχa
back,arχa,arqa
back,arχa,arχa
back,ɔrqa,arqa
back,ɔrqa,arχa
breast,kukrɨk,køkrak
breast,kukrɨk,kukraq
breast,kukrɨk,køkraq
breast,kukrɨk,qʊqrak
breast,kukrɨk,kukrak
breast,kukrɨk,quqrak
breast,kukrɨk,kʉkrak
breast,kʊkrɪk,køkrak
breast,kʊkrɪk,kukraq
breast,kʊkrɪk,køkraq
breast,kʊkrɪk,qʊqrak
breast,kʊkrɪk,kukrak
breast,kʊkrɪk,quqrak
breast,kʊkrɪk,kʉkrak
breast,køkrʲek,køkrak
breast,køkrʲek,kukraq
breast,køkrʲek,køkraq
breast,køkrʲek,qʊqrak
breast,køkrʲek,kukrak
breast,køkrʲek,quqrak
breast,køkrʲek,kʉkrak
breast,kukrøk,køkrak
breast,kukrøk,kukraq
breast,kukrøk,køkraq
breast,kukrøk,qʊqrak
breast,kukrøk,kukrak
breast,kukrøk,quqrak
breast,kukrøk,kʉkrak
breast,kʊkɨrʲek,køkrak
breast,kʊkɨrʲek,kukraq
breast,kʊkɨrʲek,køkraq
breast,kʊkɨrʲek,qʊqrak
breast,kʊkɨrʲek,kukrak
breast,kʊkɨrʲek,quqrak
breast,kʊkɨrʲek,kʉkrak
breast,kʊkrɛk,køkrak
breast,kʊkrɛk,kukraq
breast,kʊkrɛk,køkraq
breast,kʊkrɛk,qʊqrak
breast,kʊkrɛk,kukrak
breast,kʊkrɛk,quqrak
breast,kʊkrɛk,kʉkrak
breast,køkrøk,køkrak
breast,køkrøk,kukraq
breast,køkrøk,køkraq
breast,køkrøk,qʊqrak
breast,køkrøk,kukrak
breast,køkrøk,quqrak
breast,køkrøk,kʉkrak
breast,køkrɛk,køkrak
breast,køkrɛk,kukraq
breast,køkrɛk,køkraq
breast,køkrɛk,qʊqrak
breast,køkrɛk,kukrak
breast,køkrɛk,quqrak
breast,køkrɛk,kʉkrak
breast,kʊkrøk,køkrak
breast,kʊkrøk,kukraq
breast,kʊkrøk,køkraq
breast,kʊkrøk,qʊqrak
breast,kʊkrøk,kukrak
breast,kʊkrøk,quqrak
breast,kʊkrøk,kʉkrak
breast,kʉkræk,køkrak
breast,kʉkræk,kukraq
breast,kʉkræk,køkraq
breast,kʉkræk,qʊqrak
breast,kʉkræk,kukrak
breast,kʉkræk,quqrak
breast,kʉkræk,kʉkrak
breast,kʉkrak,køkrak
breast,kʉkrak,kukraq
breast,kʉkrak,køkraq
breast,kʉkrak,qʊqrak
breast,kʉkrak,kukrak
breast,kʉkrak,quqrak
breast,kʉkrak,kʉkrak
breast,kʊkrak,køkrak
breast,kʊkrak,kukraq
breast,kʊkrak,køkraq
breast,kʊkrak,qʊqrak
breast,kʊkrak,kukrak
breast,kʊkrak,quqrak
breast,kʊkrak,kʉkrak
liver,ʤigar,ʤigar
liver,ʤigar,ʤʲigar
tospit,tuflaʃ,tuf
tospit,tuflaʃ,tf
tospit,tuflaʃ,tʊf
tospit,tuflaʃ,tf̩
tospit,tuflaʃ,təf
tospit,tuflaʃ,tufi
toblow,pʊfla,puf
toblow,pʊfla,pʊf
toblow,pʊfla,pf̩
toblow,pʊfla,pəf
toblow,pʊfla,pf
toblow,pʊfla,pufi
toblow,pf̩laʃ,puf
toblow,pf̩laʃ,pʊf
toblow,pf̩laʃ,pf̩
toblow,pf̩laʃ,pəf
toblow,pf̩laʃ,pf
toblow,pf̩laʃ,pufi
toblow,pf̩lamɔq,puf
toblow,pf̩lamɔq,pʊf
toblow,pf̩lamɔq,pf̩
toblow,pf̩lamɔq,pəf
toblow,pf̩lamɔq,pf
toblow,pf̩lamɔq,pufi
toblow,puflaʃ,puf
toblow,puflaʃ,pʊf
toblow,puflaʃ,pf̩
toblow,puflaʃ,pəf
toblow,puflaʃ,pf
toblow,puflaʃ,pufi
toblow,pflamɔq,puf
toblow,pflamɔq,pʊf
toblow,pflamɔq,pf̩
toblow,pflamɔq,pəf
toblow,pflamɔq,pf
toblow,pflamɔq,pufi
tobreathe,nafas,nafas
tobreathe,nafas,naf
tothink,ɔjlaw,øjla
tothink,ɔjlaw,uj
tothink,ɔjlaw,ʉjla
tothink,ɔjlaw,ujla
tothink,ɔjla,øjla
tothink,ɔjla,uj
tothink,ɔjla,ʉjla
tothink,ɔjla,ujla
tothink,ɔjlanʊ,øjla
tothink,ɔjlanʊ,uj
tothink,ɔjlanʊ,ʉjla
tothink,ɔjlanʊ,ujla
tothink,ojlaʊ,øjla
tothink,ojlaʊ,uj
tothink,ojlaʊ,ʉjla
tothink,ojlaʊ,ujla
tothink,wɔjlɔː,øjla
tothink,wɔjlɔː,uj
tothink,wɔjlɔː,ʉjla
tothink,wɔjlɔː,ujla
tothink,wɔjlaʊ,øjla
tothink,wɔjlaʊ,uj
tothink,wɔjlaʊ,ʉjla
tothink,wɔjlaʊ,ujla
tothink,ɔjloː,øjla
tothink,ɔjloː,uj
tothink,ɔjloː,ʉjla
tothink,ɔjloː,ujla
tothink,ɔjlanʊː,øjla
tothink,ɔjlanʊː,uj
tothink,ɔjlanʊː,ʉjla
tothink,ɔjlanʊː,ujla
tothink,ɔjlɔnʊː,øjla
tothink,ɔjlɔnʊː,uj
tothink,ɔjlɔnʊː,ʉjla
tothink,ɔjlɔnʊː,ujla
tothink,ɔjlaʃ,øjla
tothink,ɔjlaʃ,uj
tothink,ɔjlaʃ,ʉjla
tothink,ɔjlaʃ,ujla
tothink,ɔjlɔɪm,øjla
tothink,ɔjlɔɪm,uj
tothink,ɔjlɔɪm,ʉjla
tothink,ɔjlɔɪm,ujla
tothink,ɔjlɒnɔt,øjla
tothink,ɔjlɒnɔt,uj
tothink,ɔjlɒnɔt,ʉjla
tothink,ɔjlɒnɔt,ujla
tothink,ɔjlɔː,øjla
tothink,ɔjlɔː,uj
tothink,ɔjlɔː,ʉjla
tothink,ɔjlɔː,ujla
tothink,wɔjlanʊ,øjla
tothink,wɔjlanʊ,uj
tothink,wɔjlanʊ,ʉjla
tothink,wɔjlanʊ,ujla
tothink,ʊjlanʊː,øjla
tothink,ʊjlanʊː,uj
tothink,ʊjlanʊː,ʉjla
tothink,ʊjlanʊː,ujla
tothink,ʊjlaʊ,øjla
tothink,ʊjlaʊ,uj
tothink,ʊjlaʊ,ʉjla
tothink,ʊjlaʊ,ujla
tothink,ʉjlaʃ,øjla
tothink,ʉjlaʃ,uj
tothink,ʉjlaʃ,ʉjla
tothink,ʉjlaʃ,ujla
tothink,wʉjlaʃ,øjla
tothink,wʉjlaʃ,uj
tothink,wʉjlaʃ,ʉjla
tothink,wʉjlaʃ,ujla
tothink,ʊjlamɔq,øjla
tothink,ʊjlamɔq,uj
tothink,ʊjlamɔq,ʉjla
tothink,ʊjlamɔq,ujla
tothink,ʊjlamoq,øjla
tothink,ʊjlamoq,uj
tothink,ʊjlamoq,ʉjla
tothink,ʊjlamoq,ujla
tothink,ʉjlamoq,øjla
tothink,ʉjlamoq,uj
tothink,ʉjlamoq,ʉjla
tothink,ʉjlamoq,ujla
tolive,ʒasaw,jaʃarməʃ
tolive,ʒasaw,jaʃam
tolive,ʒasa,jaʃarməʃ
tolive,ʒasa,jaʃam
tolive,ʒasaʊ,jaʃarməʃ
tolive,ʒasaʊ,jaʃam
tolive,ʤaʃɔː,jaʃarməʃ
tolive,ʤaʃɔː,jaʃam
tolive,ʤaʃa,jaʃarməʃ
tolive,ʤaʃa,jaʃam
tolive,jaʃɔː,jaʃarməʃ
tolive,jaʃɔː,jaʃam
tolive,ʤaʃɛm,jaʃarməʃ
tolive,ʤaʃɛm,jaʃam
tolive,ʤaʃɛt,jaʃarməʃ
tolive,ʤaʃɛt,jaʃam
tolive,ʤasaʊ,jaʃarməʃ
tolive,ʤasaʊ,jaʃam
tolive,jaʃaʊ,jaʃarməʃ
tolive,jaʃaʊ,jaʃam
tolive,ʤaʃaʊ,jaʃarməʃ
tolive,ʤaʃaʊ,jaʃam
tolive,jaʃaʃ,jaʃarməʃ
tolive,jaʃaʃ,jaʃam
tolive,jaʃamɔq,jaʃarməʃ
tolive,jaʃamɔq,jaʃam
tofight,kʉrɪsu,kuraʃ
tofight,kʉrɪsu,kuraʃməʃ
tofight,kʉrɪsu,kuraʃmɨʃ
tofight,kʉrɪsu,gʉraʤ
tofight,kʉrɪsu,gəraʃ
tofight,kʉrøsʊː,kuraʃ
tofight,kʉrøsʊː,kuraʃməʃ
tofight,kʉrøsʊː,kuraʃmɨʃ
tofight,kʉrøsʊː,gʉraʤ
tofight,kʉrøsʊː,gəraʃ
tofight,kʉrəsʊː,kuraʃ
tofight,kʉrəsʊː,kuraʃməʃ
tofight,kʉrəsʊː,kuraʃmɨʃ
tofight,kʉrəsʊː,gʉraʤ
tofight,kʉrəsʊː,gəraʃ
tofight,kʉrøʃʊː,kuraʃ
tofight,kʉrøʃʊː,kuraʃməʃ
tofight,kʉrøʃʊː,kuraʃmɨʃ
tofight,kʉrøʃʊː,gʉraʤ
tofight,kʉrøʃʊː,gəraʃ
tofight,kyrøʃyː,kuraʃ
tofight,kyrøʃyː,kuraʃməʃ
tofight,kyrøʃyː,kuraʃmɨʃ
tofight,kyrøʃyː,gʉraʤ
tofight,kyrøʃyː,gəraʃ
tofight,gyrøʃyː,kuraʃ
tofight,gyrøʃyː,kuraʃməʃ
tofight,gyrøʃyː,kuraʃmɨʃ
tofight,gyrøʃyː,gʉraʤ
tofight,gyrøʃyː,gəraʃ
tofight,kʉrøʃyː,kuraʃ
tofight,kʉrøʃyː,kuraʃməʃ
tofight,kʉrøʃyː,kuraʃmɨʃ
tofight,kʉrøʃyː,gʉraʤ
tofight,kʉrøʃyː,gəraʃ
tofight,gyrøʃ,kuraʃ
tofight,gyrøʃ,kuraʃməʃ
tofight,gyrøʃ,kuraʃmɨʃ
tofight,gyrøʃ,gʉraʤ
tofight,gyrøʃ,gəraʃ
tofight,gʉrəʃ,kuraʃ
tofight,gʉrəʃ,kuraʃməʃ
tofight,gʉrəʃ,kuraʃmɨʃ
tofight,gʉrəʃ,gʉraʤ
tofight,gʉrəʃ,gəraʃ
tofight,kyrøʃəm,kuraʃ
tofight,kyrøʃəm,kuraʃməʃ
tofight,kyrøʃəm,kuraʃmɨʃ
tofight,kyrøʃəm,gʉraʤ
tofight,kyrøʃəm,gəraʃ
tofight,kyrøsʊː,kuraʃ
tofight,kyrøsʊː,kuraʃməʃ
tofight,kyrøsʊː,kuraʃmɨʃ
tofight,kyrøsʊː,gʉraʤ
tofight,kyrøsʊː,gəraʃ
tofight,kyrøʃ,kuraʃ
tofight,kyrøʃ,kuraʃməʃ
tofight,kyrøʃ,kuraʃmɨʃ
tofight,kyrøʃ,gʉraʤ
tofight,kyrøʃ,gəraʃ
tofight,gʊrøsʊ,kuraʃ
tofight,gʊrøsʊ,kuraʃməʃ
tofight,gʊrøsʊ,kuraʃmɨʃ
tofight,gʊrøsʊ,gʉraʤ
tofight,gʊrøsʊ,gəraʃ
tofight,gʊrøʃʊ,kuraʃ
tofight,gʊrøʃʊ,kuraʃməʃ
tofight,gʊrøʃʊ,kuraʃmɨʃ
tofight,gʊrøʃʊ,gʉraʤ
tofight,gʊrøʃʊ,gəraʃ
tofight,gʉresʊː,kuraʃ
tofight,gʉresʊː,kuraʃməʃ
tofight,gʉresʊː,kuraʃmɨʃ
tofight,gʉresʊː,gʉraʤ
tofight,gʉresʊː,gəraʃ
tofight,gʊrəʃʊ,kuraʃ
tofight,gʊrəʃʊ,kuraʃməʃ
tofight,gʊrəʃʊ,kuraʃmɨʃ
tofight,gʊrəʃʊ,gʉraʤ
tofight,gʊrəʃʊ,gəraʃ
tofight,kʊrɨsʊ,kuraʃ
tofight,kʊrɨsʊ,kuraʃməʃ
tofight,kʊrɨsʊ,kuraʃmɨʃ
tofight,kʊrɨsʊ,gʉraʤ
tofight,kʊrɨsʊ,gəraʃ
tofight,kʊrɪsʊ,kuraʃ
tofight,kʊrɪsʊ,kuraʃməʃ
tofight,kʊrɪsʊ,kuraʃmɨʃ
tofight,kʊrɪsʊ,gʉraʤ
tofight,kʊrɪsʊ,gəraʃ
tofight,kʊrasʊː,kuraʃ
tofight,kʊrasʊː,kuraʃməʃ
tofight,kʊrasʊː,kuraʃmɨʃ
tofight,kʊrasʊː,gʉraʤ
tofight,kʊrasʊː,gəraʃ
tofight,gʉreʃʊ,kuraʃ
tofight,gʉreʃʊ,kuraʃməʃ
tofight,gʉreʃʊ,kuraʃmɨʃ
tofight,gʉreʃʊ,gʉraʤ
tofight,gʉreʃʊ,gəraʃ
tofight,kʉrʲesʊ,kuraʃ
tofight,kʉrʲesʊ,kuraʃməʃ
tofight,kʉrʲesʊ,kuraʃmɨʃ
tofight,kʉrʲesʊ,gʉraʤ
tofight,kʉrʲesʊ,gəraʃ
tofight,kuraʃ,kuraʃ
tofight,kuraʃ,kuraʃməʃ
tofight,kuraʃ,kuraʃmɨʃ
tofight,kuraʃ,gʉraʤ
tofight,kuraʃ,gəraʃ
tofight,kʊraʃmɔq,kuraʃ
tofight,kʊraʃmɔq,kuraʃməʃ
tofight,kʊraʃmɔq,kuraʃmɨʃ
tofight,kʊraʃmɔq,gʉraʤ
tofight,kʊraʃmɔq,gəraʃ
tofight,kʉraʃmɔq,kuraʃ
tofight,kʉraʃmɔq,kuraʃməʃ
tofight,kʉraʃmɔq,kuraʃmɨʃ
tofight,kʉraʃmɔq,gʉraʤ
tofight,kʉraʃmɔq,gəraʃ
tofight,kʉraʃɪʃ,kuraʃ
tofight,kʉraʃɪʃ,kuraʃməʃ
tofight,kʉraʃɪʃ,kuraʃmɨʃ
tofight,kʉraʃɪʃ,gʉraʤ
tofight,kʉraʃɪʃ,gəraʃ
tofight,kuraʃmɔq,kuraʃ
tofight,kuraʃmɔq,kuraʃməʃ
tofight,kuraʃmɔq,kuraʃmɨʃ
tofight,kuraʃmɔq,gʉraʤ
tofight,kuraʃmɔq,gəraʃ
tofight,kuraʃɪʃ,kuraʃ
tofight,kuraʃɪʃ,kuraʃməʃ
tofight,kuraʃɪʃ,kuraʃmɨʃ
tofight,kuraʃɪʃ,gʉraʤ
tofight,kuraʃɪʃ,gəraʃ
tofight,kuraʃiʃ,kuraʃ
tofight,kuraʃiʃ,kuraʃməʃ
tofight,kuraʃiʃ,kuraʃmɨʃ
tofight,kuraʃiʃ,gʉraʤ
tofight,kuraʃiʃ,gəraʃ
tohunt,aβlaʃ,ɔw
tohunt,aβlaʃ,aɔ
tohunt,aβlaʃ,ɔv
tohunt,aβlaʃ,awʧi
tohunt,aβlaʃ,ɔβ
tohunt,ɔq,ɔw
tohunt,ɔq,aɔ
tohunt,ɔq,ɔv
tohunt,ɔq,awʧi
tohunt,ɔq,ɔβ
tohunt,ɔβlaʃ,ɔw
tohunt,ɔβlaʃ,aɔ
tohunt,ɔβlaʃ,ɔv
tohunt,ɔβlaʃ,awʧi
tohunt,ɔβlaʃ,ɔβ
tohunt,ɔβlamɔq,ɔw
tohunt,ɔβlamɔq,aɔ
tohunt,ɔβlamɔq,ɔv
tohunt,ɔβlamɔq,awʧi
tohunt,ɔβlamɔq,ɔβ
tohunt,ow,ɔw
tohunt,ow,aɔ
tohunt,ow,ɔv
tohunt,ow,awʧi
tohunt,ow,ɔβ
tohunt,owlamɔq,ɔw
tohunt,owlamɔq,aɔ
tohunt,owlamɔq,ɔv
tohunt,owlamɔq,awʧi
tohunt,owlamɔq,ɔβ
tohunt,ovlaʃ,ɔw
tohunt,ovlaʃ,aɔ
tohunt,ovlaʃ,ɔv
tohunt,ovlaʃ,awʧi
tohunt,ovlaʃ,ɔβ
tohunt,ovlamɔq,ɔw
tohunt,ovlamɔq,aɔ
tohunt,ovlamɔq,ɔv
tohunt,ovlamɔq,awʧi
tohunt,ovlamɔq,ɔβ
todig,kaβlɛm,kɔftan
todig,kaβlɛm,koftan
todig,kaβlɛm,koβak
todig,ʧavɛt,kɔftan
todig,ʧavɛt,koftan
todig,ʧavɛt,koβak
todig,kɔvlaʃ,kɔftan
todig,kɔvlaʃ,koftan
todig,kɔvlaʃ,koβak
todig,kaβlaʃ,kɔftan
todig,kaβlaʃ,koftan
todig,kaβlaʃ,koβak
todig,ʧaβlamɔq,kɔftan
todig,ʧaβlamɔq,koftan
todig,ʧaβlamɔq,koβak
todig,kavlamɔq,kɔftan
todig,kavlamɔq,koftan
todig,kavlamɔq,koβak
todig,kaβlamɔq,kɔftan
todig,kaβlamɔq,koftan
todig,kaβlamɔq,koβak
todig,kɔvlamɔq,kɔftan
todig,kɔvlamɔq,koftan
todig,kɔvlamɔq,koβak
todig,kɔwlamɔq,kɔftan
todig,kɔwlamɔq,koftan
todig,kɔwlamɔq,koβak
toturn,ajnawʊ,ajnali
toturn,ajnalu,ajnali
toturn,ajnaldrʊ,ajnali
toturn,ajnaldru,ajnali
toturn,ajnalʊ,ajnali
toturn,ajlandrʊː,ajnali
toturn,ajnaldrʊː,ajnali
toturn,ajlanʊː,ajnali
toturn,ajlan,ajnali
toturn,ajlaniʃ,ajnali
toturn,ajlanam,ajnali
toturn,ajlandrat,ajnali
toturn,ajlandɨrʊː,ajnali
toturn,ajlandrʊ,ajnali
toturn,ajlanʊ,ajnali
toturn,ajlantrʊː,ajnali
toturn,ajlanmɔq,ajnali
tosqueeze,qsu,qisikardan
tosqueeze,qsu,qisi
tosqueeze,qsu,qsi
tosqueeze,qsu,qɪs
tosqueeze,qsu,qis
tosqueeze,qəsu,qisikardan
tosqueeze,qəsu,qisi
tosqueeze,qəsu,qsi
tosqueeze,qəsu,qɪs
tosqueeze,qəsu,qis
tosqueeze,qəs,qisikardan
tosqueeze,qəs,qisi
tosqueeze,qəs,qsi
tosqueeze,qəs,qɪs
tosqueeze,qəs,qis
tosqueeze,qsʊː,qisikardan
tosqueeze,qsʊː,qisi
tosqueeze,qsʊː,qsi
tosqueeze,qsʊː,qɪs
tosqueeze,qsʊː,qis
tosqueeze,kʲesʊː,qisikardan
tosqueeze,kʲesʊː,qisi
tosqueeze,kʲesʊː,qsi
tosqueeze,kʲesʊː,qɪs
tosqueeze,kʲesʊː,qis
tosqueeze,qɨsʊː,qisikardan
tosqueeze,qɨsʊː,qisi
tosqueeze,qɨsʊː,qsi
tosqueeze,qɨsʊː,qɪs
tosqueeze,qɨsʊː,qis
tosqueeze,qɨs,qisikardan
tosqueeze,qɨs,qisi
tosqueeze,qɨs,qsi
tosqueeze,qɨs,qɪs
tosqueeze,qɨs,qis
tosqueeze,kɨsam,qisikardan
tosqueeze,kɨsam,qisi
tosqueeze,kɨsam,qsi
tosqueeze,kɨsam,qɪs
tosqueeze,kɨsam,qis
tosqueeze,qɨsat,qisikardan
tosqueeze,qɨsat,qisi
tosqueeze,qɨsat,qsi
tosqueeze,qɨsat,qɪs
tosqueeze,qɨsat,qis
tosqueeze,qsʊ,qisikardan
tosqueeze,qsʊ,qisi
tosqueeze,qsʊ,qsi
tosqueeze,qsʊ,qɪs
tosqueeze,qsʊ,qis
tosqueeze,qsuː,qisikardan
tosqueeze,qsuː,qisi
tosqueeze,qsuː,qsi
tosqueeze,qsuː,qɪs
tosqueeze,qsuː,qis
tosqueeze,qsiʃ,qisikardan
tosqueeze,qsiʃ,qisi
tosqueeze,qsiʃ,qsi
tosqueeze,qsiʃ,qɪs
tosqueeze,qsiʃ,qis
tosqueeze,siqiʃmɔq,sqɨmɨs
tosqueeze,siqiʃmɔq,sxmiʃ
tosqueeze,qismɔq,qisikardan
tosqueeze,qismɔq,qisi
tosqueeze,qismɔq,qsi
tosqueeze,qismɔq,qɪs
tosqueeze,qismɔq,qis
tosqueeze,qsɪʃ,qisikardan
tosqueeze,qsɪʃ,qisi
tosqueeze,qsɪʃ,qsi
tosqueeze,qsɪʃ,qɪs
tosqueeze,qsɪʃ,qis
tosqueeze,qs̩mɔq,qisikardan
tosqueeze,qs̩mɔq,qisi
tosqueeze,qs̩mɔq,qsi
tosqueeze,qs̩mɔq,qɪs
tosqueeze,qs̩mɔq,qis
tosqueeze,sq ̩mɔq,sqɨmɨs
tosqueeze,sq ̩mɔq,sxmiʃ
tosqueeze,qsmɔq,qisikardan
tosqueeze,qsmɔq,qisi
tosqueeze,qsmɔq,qsi
tosqueeze,qsmɔq,qɪs
tosqueeze,qsmɔq,qis
tosing,aʃʉla,aʃula
tosing,aʃʉla,aʃulə
tosing,aʃula,aʃula
tosing,aʃula,aʃulə
tosing,aʃʊla,aʃula
tosing,aʃʊla,aʃulə
star,ʒɔldəz̥,jɨldɨz̥
star,ʒɔldəz̥,jilduz̥
star,ʒʉldʊz̥,jɨldɨz̥
star,ʒʉldʊz̥,jilduz̥
star,ʒʊldʊz̥,jɨldɨz̥
star,ʒʊldʊz̥,jilduz̥
star,ʒʊldəz̥,jɨldɨz̥
star,ʒʊldəz̥,jilduz̥
star,ʒʉldəz̥,jɨldɨz̥
star,ʒʉldəz̥,jilduz̥
star,ʒʉldɨz̥,jɨldɨz̥
star,ʒʉldɨz̥,jilduz̥
star,ʒyldʉz̥,jɨldɨz̥
star,ʒyldʉz̥,jilduz̥
star,ʤɨldɨz̥,jɨldɨz̥
star,ʤɨldɨz̥,jilduz̥
star,ʒɨldɨz̥,jɨldɨz̥
star,ʒɨldɨz̥,jilduz̥
star,ʒɨldəz̥,jɨldɨz̥
star,ʒɨldəz̥,jilduz̥
star,ʒʊldɨz̥,jɨldɨz̥
star,ʒʊldɨz̥,jilduz̥
star,ʒ˳ɨldɨz̥,jɨldɨz̥
star,ʒ˳ɨldɨz̥,jilduz̥
star,ʃʉldɨz̥,jɨldɨz̥
star,ʃʉldɨz̥,jilduz̥
star,juldɨz̥,jɨldɨz̥
star,juldɨz̥,jilduz̥
star,ʤʉldɨz̥,jɨldɨz̥
star,ʤʉldɨz̥,jilduz̥
star,ʤuldɨz̥,jɨldɨz̥
star,ʤuldɨz̥,jilduz̥
star,juldyz̥,jɨldɨz̥
star,juldyz̥,jilduz̥
star,julduz̥,jɨldɨz̥
star,julduz̥,jilduz̥
star,juldʊz̥,jɨldɨz̥
star,juldʊz̥,jilduz̥
river,darja,darjɔ
river,darja,dajrɔ
river,tarja,darjɔ
river,tarja,dajrɔ
river,d̥arja,darjɔ
river,d̥arja,dajrɔ
river,darjɔ,darjɔ
river,darjɔ,dajrɔ
river,darjɒ,darjɔ
river,darjɒ,dajrɔ
river,dajrɒ,darjɔ
river,dajrɒ,dajrɔ
lake,kwøl,kul
lake,kwøl,køl
lake,kwøl,kʊl
lake,kwøl,khul
lake,kwøl,kʉl
lake,kwøł,kul
lake,kwøł,køl
lake,kwøł,kʊl
lake,kwøł,khul
lake,kwøł,kʉl
lake,kwʊł,kul
lake,kwʊł,køl
lake,kwʊł,kʊl
lake,kwʊł,khul
lake,kwʊł,kʉl
lake,køl,kul
lake,køl,køl
lake,køl,kʊl
lake,køl,khul
lake,køl,kʉl
lake,gøl,kul
lake,gøl,køl
lake,gøl,kʊl
lake,gøl,khul
lake,gøl,kʉl
lake,kʲøl,kul
lake,kʲøl,køl
lake,kʲøl,kʊl
lake,kʲøl,khul
lake,kʲøl,kʉl
lake,hawz,havz
lake,hawz,hawz
lake,hawz,hawz̥
lake,kʉl,kul
lake,kʉl,køl
lake,kʉl,kʊl
lake,kʉl,khul
lake,kʉl,kʉl
lake,kwʉł,kul
lake,kwʉł,køl
lake,kwʉł,kʊl
lake,kwʉł,khul
lake,kwʉł,kʉl
sea,kʉł,kul
sea,dʲeŋɪz̥,deŋiz̥
sea,dʲeŋɪz̥,dzingɨz
sea,dʲeŋɪz̥,dingɨz̥
sea,tʲeŋɪz̥,deŋiz̥
sea,tʲeŋɪz̥,dzingɨz
sea,tʲeŋɪz̥,dingɨz̥
sea,tʲeŋiz̥,deŋiz̥
sea,tʲeŋiz̥,dzingɨz
sea,tʲeŋiz̥,dingɨz̥
sea,tʲeŋiz,deŋiz̥
sea,tʲeŋiz,dzingɨz
sea,tʲeŋiz,dingɨz̥
sea,deŋiz̥,deŋiz̥
sea,deŋiz̥,dzingɨz
sea,deŋiz̥,dingɨz̥
sea,dʲeŋiz̥,deŋiz̥
sea,dʲeŋiz̥,dzingɨz
sea,dʲeŋiz̥,dingɨz̥
sea,dɛŋɪs,deŋiz̥
sea,dɛŋɪs,dzingɨz
sea,dɛŋɪs,dingɨz̥
sea,dʲeŋɪs,deŋiz̥
sea,dʲeŋɪs,dzingɨz
sea,dʲeŋɪs,dingɨz̥
sea,dɛŋiz̥,deŋiz̥
sea,dɛŋiz̥,dzingɨz
sea,dɛŋiz̥,dingɨz̥
sea,tarja,darjɔ
sea,tarja,d̥arjɔ
sea,tʲeŋɨz̥,deŋiz̥
sea,tʲeŋɨz̥,dzingɨz
sea,tʲeŋɨz̥,dingɨz̥
sea,darjɔ,darjɔ
sea,darjɔ,d̥arjɔ
sand,qum,xum
sand,qum,kum
sand,qum,kumʧa
sand,qum,qøm
sand,qum,qum
sand,qum,kʊm
sand,qum,qm̩
sand,qum,qʊm
sand,qum,qɜm
sand,qʊm,xum
sand,qʊm,kum
sand,qʊm,kumʧa
sand,qʊm,qøm
sand,qʊm,qum
sand,qʊm,kʊm
sand,qʊm,qm̩
sand,qʊm,qʊm
sand,qʊm,qɜm
dust,ʃaŋ,ʧaŋ
dust,ʃaŋ,ʧæŋ
dust,ʃaŋ,ʧaŋ˳
dust,ʃaŋ,ʧang
dust,ʃaŋ,ʧank
dust,ʃaq,ʧaŋ
dust,ʃaq,ʧæŋ
dust,ʃaq,ʧaŋ˳
dust,ʃaq,ʧang
dust,ʃaq,ʧank
dust,ʧaŋ,ʧaŋ
dust,ʧaŋ,ʧæŋ
dust,ʧaŋ,ʧaŋ˳
dust,ʧaŋ,ʧang
dust,ʧaŋ,ʧank
dust,caŋ,ʧaŋ
dust,caŋ,ʧæŋ
dust,caŋ,ʧaŋ˳
dust,caŋ,ʧang
dust,caŋ,ʧank
dust,ʧæŋ,ʧaŋ
dust,ʧæŋ,ʧæŋ
dust,ʧæŋ,ʧaŋ˳
dust,ʧæŋ,ʧang
dust,ʧæŋ,ʧank
dust,ʧãŋ,ʧaŋ
dust,ʧãŋ,ʧæŋ
dust,ʧãŋ,ʧaŋ˳
dust,ʧãŋ,ʧang
dust,ʧãŋ,ʧank
cloud,bʉlt,bulut
cloud,bʉlt,bələt
cloud,bʉlt,bʊlʊt
cloud,bult,bulut
cloud,bult,bələt
cloud,bult,bʊlʊt
cloud,bʊlt,bulut
cloud,bʊlt,bələt
cloud,bʊlt,bʊlʊt
cloud,bulut,bulut
cloud,bulut,bələt
cloud,bulut,bʊlʊt
cloud,bʊlʊt,bulut
cloud,bʊlʊt,bələt
cloud,bʊlʊt,bʊlʊt
fog,tʉman,tuman
fog,tʉman,tʊman
fog,tuman,tuman
fog,tuman,tʊman
fog,tʊman,tuman
fog,tʊman,tʊman
fog,duman,tuman
fog,duman,tʊman
sky,aspan,ɔsmɔn
sky,aspan,ɔsmɒn
sky,aspan,ɔsmon
sky,aspan,ɔsmʊn
sky,aspan,ɔsmun
sky,aspan,ɔspɔn
sky,asfan,ɔsmɔn
sky,asfan,ɔsmɒn
sky,asfan,ɔsmon
sky,asfan,ɔsmʊn
sky,asfan,ɔsmun
sky,asfan,ɔspɔn
sky,asman,ɔsmɔn
sky,asman,ɔsmɒn
sky,asman,ɔsmon
sky,asman,ɔsmʊn
sky,asman,ɔsmun
sky,asman,ɔspɔn
sky,asmɔn,ɔsmɔn
sky,asmɔn,ɔsmɒn
sky,asmɔn,ɔsmon
sky,asmɔn,ɔsmʊn
sky,asmɔn,ɔsmun
sky,asmɔn,ɔspɔn
sky,ɒsmɒn,ɔsmɔn
sky,ɒsmɒn,ɔsmɒn
sky,ɒsmɒn,ɔsmon
sky,ɒsmɒn,ɔsmʊn
sky,ɒsmɒn,ɔsmun
sky,ɒsmɒn,ɔspɔn
sky,ɔsmɔn,ɔsmɔn
sky,ɔsmɔn,ɔsmɒn
sky,ɔsmɔn,ɔsmon
sky,ɔsmɔn,ɔsmʊn
sky,ɔsmɔn,ɔsmun
sky,ɔsmɔn,ɔspɔn
sky,ɔsmɒn,ɔsmɔn
sky,ɔsmɒn,ɔsmɒn
sky,ɔsmɒn,ɔsmon
sky,ɔsmɒn,ɔsmʊn
sky,ɔsmɒn,ɔsmun
sky,ɔsmɒn,ɔspɔn
wind,ʃamał,ʃamɔl
wind,ʃamał,ʃamɒl
wind,ʃamał,ʃɒmɔl
wind,ʃamał,ʃamʊl
wind,ʃamał,samɔl
wind,ʃamɒł,ʃamɔl
wind,ʃamɒł,ʃamɒl
wind,ʃamɒł,ʃɒmɔl
wind,ʃamɒł,ʃamʊl
wind,ʃamɒł,samɔl
wind,ʃamɒl,ʃamɔl
wind,ʃamɒl,ʃamɒl
wind,ʃamɒl,ʃɒmɔl
wind,ʃamɒl,ʃamʊl
wind,ʃamɒl,samɔl
wind,ʃamal,ʃamɔl
wind,ʃamal,ʃamɒl
wind,ʃamal,ʃɒmɔl
wind,ʃamal,ʃamʊl
wind,ʃamal,samɔl
wind,ʃɒmal,ʃamɔl
wind,ʃɒmal,ʃamɒl
wind,ʃɒmal,ʃɒmɔl
wind,ʃɒmal,ʃamʊl
wind,ʃɒmal,samɔl
wind,samal,ʃamɔl
wind,samal,ʃamɒl
wind,samal,ʃɒmɔl
wind,samal,ʃamʊl
wind,samal,samɔl
wind,ʃamɔl,ʃamɔl
wind,ʃamɔl,ʃamɒl
wind,ʃamɔl,ʃɒmɔl
wind,ʃamɔl,ʃamʊl
wind,ʃamɔl,samɔl
ice,jax,jax
ice,jax,ex
ice,jax,ɪx
smoke,tʉtʉn,tutun
smoke,tytyn,tutun
smoke,tylqə,tutun
smoke,tʊtʊn,tutun
smoke,dud,dʉd̥
smoke,dud,dud̥
smoke,dud,dud
smoke,dud,dd̩
smoke,dud,dʊd
smoke,dud,dʊd̥
smoke,dud,dyd̥
smoke,dud,dyd
smoke,dud,dyt
smoke,dud,dʉd
smoke,dud,did
smoke,tutun,tutun
fire,wɔt,ɔtaʃ
fire,ɔt,ɔtaʃ
fire,ɔlɔv,alɔw
fire,ɔlɔv,alɔb
fire,ɔlɔv,alaɔ
fire,ɔlɔv,alaw
fire,ɔlɔv,aɣaw
fire,ɔlɔv,alav
fire,ɔlɔv,alɔv
fire,ɔlɔv,ɔlaw
fire,ɔlɔv,ɔlɣa
fire,ɔlɔv,ɒlɔb̥
fire,ɔlɔv,alɔb̥
fire,ɔlɔv,ɔlɔw
fire,ɔlɔv,ɔlɔβ
fire,alɔv,alɔw
fire,alɔv,alɔb
fire,alɔv,alaɔ
fire,alɔv,alaw
fire,alɔv,aɣaw
fire,alɔv,alav
fire,alɔv,alɔv
fire,alɔv,ɔlaw
fire,alɔv,ɔlɣa
fire,alɔv,ɒlɔb̥
fire,alɔv,alɔb̥
fire,alɔv,ɔlɔw
fire,alɔv,ɔlɔβ
fire,alɔw,alɔw
fire,alɔw,alɔb
fire,alɔw,alaɔ
fire,alɔw,alaw
fire,alɔw,aɣaw
fire,alɔw,alav
fire,alɔw,alɔv
fire,alɔw,ɔlaw
fire,alɔw,ɔlɣa
fire,alɔw,ɒlɔb̥
fire,alɔw,alɔb̥
fire,alɔw,ɔlɔw
fire,alɔw,ɔlɔβ
ashes,kʉl,kul
ashes,kʉł,kul
ashes,kyl,kul
ashes,gyl,kul
ashes,gʉl,kul
ashes,kul,kul
mountain,taw,tɔɣ˳
mountain,taw,tɔɣ
mountain,taʊ,tɔɣ˳
mountain,taʊ,tɔɣ
mountain,tɔː,tɔɣ˳
mountain,tɔː,tɔɣ
mountain,taɔ,tɔɣ˳
mountain,taɔ,tɔɣ
mountain,tɔɣ˳,tɔɣ˳
mountain,tɔɣ˳,tɔɣ
mountain,tɔɣ,tɔɣ˳
mountain,tɔɣ,tɔɣ
mountain,tɔx,tɔɣ˳
mountain,tɔx,tɔɣ
mountain,tɒɣ˳,tɔɣ˳
mountain,tɒɣ˳,tɔɣ
green,zangʲɔrɪ,zangor
green,zangʲɔrɪ,zangɔr
old,kwønʲɪ,kʉhna
old,kwønʲɪ,køhna
old,kwønʲɪ,kuhna
old,kwønʲɪ,kəhna
old,kwønʲɪ,kʉna
old,kwønʲɪ,kʉjna
old,kwønʲɪ,kʊhna
old,kwønʲɪ,kəhnɐ
old,kønʲɪ,kʉhna
old,kønʲɪ,køhna
old,kønʲɪ,kuhna
old,kønʲɪ,kəhna
old,kønʲɪ,kʉna
old,kønʲɪ,kʉjna
old,kønʲɪ,kʊhna
old,kønʲɪ,kəhnɐ
old,kwʊnʲe,kʉhna
old,kwʊnʲe,køhna
old,kwʊnʲe,kuhna
old,kwʊnʲe,kəhna
old,kwʊnʲe,kʉna
old,kwʊnʲe,kʉjna
old,kwʊnʲe,kʊhna
old,kwʊnʲe,kəhnɐ
old,kwønʲe,kʉhna
old,kwønʲe,køhna
old,kwønʲe,kuhna
old,kwønʲe,kəhna
old,kwønʲe,kʉna
old,kwønʲe,kʉjna
old,kwønʲe,kʊhna
old,kwønʲe,kəhnɐ
old,kʊnʲɪ,kʉhna
old,kʊnʲɪ,køhna
old,kʊnʲɪ,kuhna
old,kʊnʲɪ,kəhna
old,kʊnʲɪ,kʉna
old,kʊnʲɪ,kʉjna
old,kʊnʲɪ,kʊhna
old,kʊnʲɪ,kəhnɐ
old,gunʲe,kʉhna
old,gunʲe,køhna
old,gunʲe,kuhna
old,gunʲe,kəhna
old,gunʲe,kʉna
old,gunʲe,kʉjna
old,gunʲe,kʊhna
old,gunʲe,kəhnɐ
old,gʊnʲe,kʉhna
old,gʊnʲe,køhna
old,gʊnʲe,kuhna
old,gʊnʲe,kəhna
old,gʊnʲe,kʉna
old,gʊnʲe,kʉjna
old,gʊnʲe,kʊhna
old,gʊnʲe,kəhnɐ
old,gʊnʲɪ,kʉhna
old,gʊnʲɪ,køhna
old,gʊnʲɪ,kuhna
old,gʊnʲɪ,kəhna
old,gʊnʲɪ,kʉna
old,gʊnʲɪ,kʉjna
old,gʊnʲɪ,kʊhna
old,gʊnʲɪ,kəhnɐ
old,køne,kʉhna
old,køne,køhna
old,køne,kuhna
old,køne,kəhna
old,køne,kʉna
old,køne,kʉjna
old,køne,kʊhna
old,køne,kəhnɐ
old,gwʊnʲɪ,kʉhna
old,gwʊnʲɪ,køhna
old,gwʊnʲɪ,kuhna
old,gwʊnʲɪ,kəhna
old,gwʊnʲɪ,kʉna
old,gwʊnʲɪ,kʉjna
old,gwʊnʲɪ,kʊhna
old,gwʊnʲɪ,kəhnɐ
old,kwʊnʲɪ,kʉhna
old,kwʊnʲɪ,køhna
old,kwʊnʲɪ,kuhna
old,kwʊnʲɪ,kəhna
old,kwʊnʲɪ,kʉna
old,kwʊnʲɪ,kʉjna
old,kwʊnʲɪ,kʊhna
old,kwʊnʲɪ,kəhnɐ
old,gønʲɪ,kʉhna
old,gønʲɪ,køhna
old,gønʲɪ,kuhna
old,gønʲɪ,kəhna
old,gønʲɪ,kʉna
old,gønʲɪ,kʉjna
old,gønʲɪ,kʊhna
old,gønʲɪ,kəhnɐ
old,gʊne,kʉhna
old,gʊne,køhna
old,gʊne,kuhna
old,gʊne,kəhna
old,gʊne,kʉna
old,gʊne,kʉjna
old,gʊne,kʊhna
old,gʊne,kəhnɐ
old,kəhna,kʉhna
old,kəhna,køhna
old,kəhna,kuhna
old,kəhna,kəhna
old,kəhna,kʉna
old,kəhna,kʉjna
old,kəhna,kʊhna
old,kəhna,kəhnɐ
dirty,iflas,iflɔs
dirty,iflɔs,iflɔs
dirty,iflɒs,iflɔs
dirty,ʧɪrkin,ʧirkin
dirty,ʧɪrkin,ʧərk
dirty,ʧɪrkin,ʧurk
dirty,ʧɪrkin,ʧørk
dirty,ʧɪrkin,ʧr̩k
dirty,ɪflɔs,iflɔs
dirty,ɪflɒs,iflɔs
straight,tuɣrə,tuɣri
straight,tuɣrə,tyɣri
straight,tuɣrə,tʊɣri
straight,tuɣrə,tɔɣri
straight,tuɣrə,tʉɣri
straight,tuɣrə,tuɣrə
straight,turə,tuɣri
straight,turə,tyɣri
straight,turə,tʊɣri
straight,turə,tɔɣri
straight,turə,tʉɣri
straight,turə,tuɣrə
straight,tuːrɨ,tuɣri
straight,tuːrɨ,tyɣri
straight,tuːrɨ,tʊɣri
straight,tuːrɨ,tɔɣri
straight,tuːrɨ,tʉɣri
straight,tuːrɨ,tuɣrə
straight,tuːrɐ,tuɣri
straight,tuːrɐ,tyɣri
straight,tuːrɐ,tʊɣri
straight,tuːrɐ,tɔɣri
straight,tuːrɐ,tʉɣri
straight,tuːrɐ,tuɣrə
straight,tuːra,tuɣri
straight,tuːra,tyɣri
straight,tuːra,tʊɣri
straight,tuːra,tɔɣri
straight,tuːra,tʉɣri
straight,tuːra,tuɣrə
straight,tuːrə,tuɣri
straight,tuːrə,tyɣri
straight,tuːrə,tʊɣri
straight,tuːrə,tɔɣri
straight,tuːrə,tʉɣri
straight,tuːrə,tuɣrə
straight,tʊrɨ,tuɣri
straight,tʊrɨ,tyɣri
straight,tʊrɨ,tʊɣri
straight,tʊrɨ,tɔɣri
straight,tʊrɨ,tʉɣri
straight,tʊrɨ,tuɣrə
straight,turɨ,tuɣri
straight,turɨ,tyɣri
straight,turɨ,tʊɣri
straight,turɨ,tɔɣri
straight,turɨ,tʉɣri
straight,turɨ,tuɣrə
straight,tʉɣrɪ,tuɣri
straight,tʉɣrɪ,tyɣri
straight,tʉɣrɪ,tʊɣri
straight,tʉɣrɪ,tɔɣri
straight,tʉɣrɪ,tʉɣri
straight,tʉɣrɪ,tuɣrə
straight,tʊɣrɪ,tuɣri
straight,tʊɣrɪ,tyɣri
straight,tʊɣrɪ,tʊɣri
straight,tʊɣrɪ,tɔɣri
straight,tʊɣrɪ,tʉɣri
straight,tʊɣrɪ,tuɣrə
straight,tʊɣrɨ,tuɣri
straight,tʊɣrɨ,tyɣri
straight,tʊɣrɨ,tʊɣri
straight,tʊɣrɨ,tɔɣri
straight,tʊɣrɨ,tʉɣri
straight,tʊɣrɨ,tuɣrə
straight,tɔɣrɨ,tuɣri
straight,tɔɣrɨ,tyɣri
straight,tɔɣrɨ,tʊɣri
straight,tɔɣrɨ,tɔɣri
straight,tɔɣrɨ,tʉɣri
straight,tɔɣrɨ,tuɣrə
straight,tɔɣrə,tuɣri
straight,tɔɣrə,tyɣri
straight,tɔɣrə,tʊɣri
straight,tɔɣrə,tɔɣri
straight,tɔɣrə,tʉɣri
straight,tɔɣrə,tuɣrə
straight,tʊɣrə,tuɣri
straight,tʊɣrə,tyɣri
straight,tʊɣrə,tʊɣri
straight,tʊɣrə,tɔɣri
straight,tʊɣrə,tʉɣri
straight,tʊɣrə,tuɣrə
straight,tʉɣri,tuɣri
straight,tʉɣri,tyɣri
straight,tʉɣri,tʊɣri
straight,tʉɣri,tɔɣri
straight,tʉɣri,tʉɣri
straight,tʉɣri,tuɣrə
straight,tʉɣrə,tuɣri
straight,tʉɣrə,tyɣri
straight,tʉɣrə,tʊɣri
straight,tʉɣrə,tɔɣri
straight,tʉɣrə,tʉɣri
straight,tʉɣrə,tuɣrə
dull,kund̥,kund
dull,kund̥,kund̥
dull,kund̥,kønd̥
dull,kund̥,khʊnd
dull,kund̥,kønd
dull,kund̥,kn̩d
dull,kund̥,kundala
dull,kund̥,kʊnd̥
dull,kund̥,kʉnd
dull,kund̥,kʊnd
dull,kund̥,kənd
dull,kund̥,kynd̥
dull,kund̥,kʉnd̥
dull,kund̥,kʊnt
dull,kund̥,kunt
smooth,tʲegɪs,tɛkkəz
smooth,tʲegɪs,tikkəz̥
smooth,tʲegɪs,tɛks
smooth,tʲegɪs,tɛkkəz̥
smooth,tʲegɪs,tiks
smooth,tʲegɪs,tikkiz̥
smooth,tʲegɪs,tekkiz̥
smooth,tʲegis,tɛkkəz
smooth,tʲegis,tikkəz̥
smooth,tʲegis,tɛks
smooth,tʲegis,tɛkkəz̥
smooth,tʲegis,tiks
smooth,tʲegis,tikkiz̥
smooth,tʲegis,tekkiz̥
smooth,tʲɪgɪs,tɛkkəz
smooth,tʲɪgɪs,tikkəz̥
smooth,tʲɪgɪs,tɛks
smooth,tʲɪgɪs,tɛkkəz̥
smooth,tʲɪgɪs,tiks
smooth,tʲɪgɪs,tikkiz̥
smooth,tʲɪgɪs,tekkiz̥
smooth,tʲegiz̥,tɛkkəz
smooth,tʲegiz̥,tikkəz̥
smooth,tʲegiz̥,tɛks
smooth,tʲegiz̥,tɛkkəz̥
smooth,tʲegiz̥,tiks
smooth,tʲegiz̥,tikkiz̥
smooth,tʲegiz̥,tekkiz̥
smooth,tegiz̥,tɛkkəz
smooth,tegiz̥,tikkəz̥
smooth,tegiz̥,tɛks
smooth,tegiz̥,tɛkkəz̥
smooth,tegiz̥,tiks
smooth,tegiz̥,tikkiz̥
smooth,tegiz̥,tekkiz̥
smooth,tegɪs,tɛkkəz
smooth,tegɪs,tikkəz̥
smooth,tegɪs,tɛks
smooth,tegɪs,tɛkkəz̥
smooth,tegɪs,tiks
smooth,tegɪs,tikkiz̥
smooth,tegɪs,tekkiz̥
smooth,tʲekɪs,tɛkkəz
smooth,tʲekɪs,tikkəz̥
smooth,tʲekɪs,tɛks
smooth,tʲekɪs,tɛkkəz̥
smooth,tʲekɪs,tiks
smooth,tʲekɪs,tikkiz̥
smooth,tʲekɪs,tekkiz̥
smooth,tʲeks,tɛkkəz
smooth,tʲeks,tikkəz̥
smooth,tʲeks,tɛks
smooth,tʲeks,tɛkkəz̥
smooth,tʲeks,tiks
smooth,tʲeks,tikkiz̥
smooth,tʲeks,tekkiz̥
smooth,tʲegɪz̥,tɛkkəz
smooth,tʲegɪz̥,tikkəz̥
smooth,tʲegɪz̥,tɛks
smooth,tʲegɪz̥,tɛkkəz̥
smooth,tʲegɪz̥,tiks
smooth,tʲegɪz̥,tikkiz̥
smooth,tʲegɪz̥,tekkiz̥
smooth,silləq,siłłɪq
smooth,silləq,silliq
smooth,silləq,silləq
smooth,silləq,sɪłłəq
smooth,silləq,sillɛq
smooth,tiks,tɛkkəz
smooth,tiks,tikkəz̥
smooth,tiks,tɛks
smooth,tiks,tɛkkəz̥
smooth,tiks,tiks
smooth,tiks,tikkiz̥
smooth,tiks,tekkiz̥
smooth,tekɪs,tɛkkəz
smooth,tekɪs,tikkəz̥
smooth,tekɪs,tɛks
smooth,tekɪs,tɛkkəz̥
smooth,tekɪs,tiks
smooth,tekɪs,tikkiz̥
smooth,tekɪs,tekkiz̥
smooth,sillɜq,siłłɪq
smooth,sillɜq,silliq
smooth,sillɜq,silləq
smooth,sillɜq,sɪłłəq
smooth,sillɜq,sillɛq
wet,nam,naˑm
wet,nɨm,naˑm
correct,dərəs,durust
correct,dərəs,dyryst
correct,tuɣrə,tøɣri
correct,tuɣrə,tuɣri
correct,tuɣrə,tʊɣri
correct,tuɣrə,tʉɣri
correct,tuɣrə,tuɣrə
correct,tuɣrə,tɔɣrɪ
correct,tʉrʉs,durust
correct,tʉrʉs,dyryst
correct,dʉrʉs,durust
correct,dʉrʉs,dyryst
correct,dørøs,durust
correct,dørøs,dyryst
correct,tuːra,tøɣri
correct,tuːra,tuɣri
correct,tuːra,tʊɣri
correct,tuːra,tʉɣri
correct,tuːra,tuɣrə
correct,tuːra,tɔɣrɪ
correct,tuːrə,tøɣri
correct,tuːrə,tuɣri
correct,tuːrə,tʊɣri
correct,tuːrə,tʉɣri
correct,tuːrə,tuɣrə
correct,tuːrə,tɔɣrɪ
correct,drs,durust
correct,drs,dyryst
correct,tørøs,durust
correct,tørøs,dyryst
correct,turɨ,tøɣri
correct,turɨ,tuɣri
correct,turɨ,tʊɣri
correct,turɨ,tʉɣri
correct,turɨ,tuɣrə
correct,turɨ,tɔɣrɪ
correct,dʊrʊs,durust
correct,dʊrʊs,dyryst
correct,tuːrɐ,tøɣri
correct,tuːrɐ,tuɣri
correct,tuːrɐ,tʊɣri
correct,tuːrɐ,tʉɣri
correct,tuːrɐ,tuɣrə
correct,tuːrɐ,tɔɣrɪ
correct,tʉɣrɪ,tøɣri
correct,tʉɣrɪ,tuɣri
correct,tʉɣrɪ,tʊɣri
correct,tʉɣrɪ,tʉɣri
correct,tʉɣrɪ,tuɣrə
correct,tʉɣrɪ,tɔɣrɪ
correct,tʊɣrɪ,tøɣri
correct,tʊɣrɪ,tuɣri
correct,tʊɣrɪ,tʊɣri
correct,tʊɣrɪ,tʉɣri
correct,tʊɣrɪ,tuɣrə
correct,tʊɣrɪ,tɔɣrɪ
correct,tuɣrɨ,tøɣri
correct,tuɣrɨ,tuɣri
correct,tuɣrɨ,tʊɣri
correct,tuɣrɨ,tʉɣri
correct,tuɣrɨ,tuɣrə
correct,tuɣrɨ,tɔɣrɪ
correct,tɔɣrə,tøɣri
correct,tɔɣrə,tuɣri
correct,tɔɣrə,tʊɣri
correct,tɔɣrə,tʉɣri
correct,tɔɣrə,tuɣrə
correct,tɔɣrə,tɔɣrɪ
correct,tɔɣrɪ,tøɣri
correct,tɔɣrɪ,tuɣri
correct,tɔɣrɪ,tʊɣri
correct,tɔɣrɪ,tʉɣri
correct,tɔɣrɪ,tuɣrə
correct,tɔɣrɪ,tɔɣrɪ
correct,tʉɣri,tøɣri
correct,tʉɣri,tuɣri
correct,tʉɣri,tʊɣri
correct,tʉɣri,tʉɣri
correct,tʉɣri,tuɣrə
correct,tʉɣri,tɔɣrɪ
correct,tʉɣrə,tøɣri
correct,tʉɣrə,tuɣri
correct,tʉɣrə,tʊɣri
correct,tʉɣrə,tʉɣri
correct,tʉɣrə,tuɣrə
correct,tʉɣrə,tɔɣrɪ
left,ʧap,ʧap
left,ʧap,ʧab̥
left,ʃɪp,ʧap
left,ʃɪp,ʧab̥
left,ʧɪp,ʧap
left,ʧɪp,ʧab̥
name,nɔm,nɔm
name,nɔm,nom
name,nɔm,nʊm
name,nɔm,num
name,nɔm,nɔ̃m
he,wɔł,ʊ
he,u,ʊ
he,wo,ʊ
he,wɔl,ʊ
he,al,ʊ
he,ʊ,ʊ
he,ɒl,ʊ
